{
  "Link Color" : {
    "Red Component" : 0.56470590829849243,
    "Color Space" : "sRGB",
    "Blue Component" : 0.66274511814117432,
    "Alpha Component" : 1,
    "Green Component" : 0.47843137383460999
  },
  "Tags" : [

  ],
  "Ansi 12 Color" : {
    "Red Component" : 0.15686275064945221,
    "Color Space" : "sRGB",
    "Blue Component" : 0.51372551918029785,
    "Alpha Component" : 1,
    "Green Component" : 0.4117647111415863
  },
  "Ansi 2 Color" : {
    "Red Component" : 0.33725491166114807,
    "Color Space" : "sRGB",
    "Blue Component" : 0.62352943420410156,
    "Alpha Component" : 1,
    "Green Component" : 0.58039218187332153
  },
  "Set Local Environment Vars" : false,
  "Bold Color" : {
    "Red Component" : 0.34117648005485535,
    "Color Space" : "sRGB",
    "Blue Component" : 0.47450980544090271,
    "Alpha Component" : 1,
    "Green Component" : 0.32156863808631897
  },
  "Ansi 5 Color" : {
    "Red Component" : 0.56470590829849243,
    "Color Space" : "sRGB",
    "Blue Component" : 0.66274511814117432,
    "Alpha Component" : 1,
    "Green Component" : 0.47843137383460999
  },
  "Use Non-ASCII Font" : true,
  "Normal Font" : "JetBrainsMono-Regular 13",
  "Rows" : 25,
  "Default Bookmark" : "No",
  "Ansi 6 Color" : {
    "Red Component" : 0.84313726425170898,
    "Color Space" : "sRGB",
    "Blue Component" : 0.49411764740943909,
    "Alpha Component" : 1,
    "Green Component" : 0.50980395078659058
  },
  "Ansi 3 Color" : {
    "Red Component" : 0.91764706373214722,
    "Color Space" : "sRGB",
    "Blue Component" : 0.20392157137393951,
    "Alpha Component" : 1,
    "Green Component" : 0.61568629741668701
  },
  "Ansi 4 Color" : {
    "Red Component" : 0.15686275064945221,
    "Color Space" : "sRGB",
    "Blue Component" : 0.51372551918029785,
    "Alpha Component" : 1,
    "Green Component" : 0.4117647111415863
  },
  "Cursor Guide Color" : {
    "Red Component" : 0.70213186740875244,
    "Color Space" : "sRGB",
    "Blue Component" : 1,
    "Alpha Component" : 0.25,
    "Green Component" : 0.9268307089805603
  },
  "Non-ASCII Anti Aliased" : true,
  "Use Bright Bold" : true,
  "Ansi 10 Color" : {
    "Red Component" : 0.33725491166114807,
    "Color Space" : "sRGB",
    "Blue Component" : 0.62352943420410156,
    "Alpha Component" : 1,
    "Green Component" : 0.58039218187332153
  },
  "Icon" : 1,
  "Ambiguous Double Width" : false,
  "Jobs to Ignore" : [
    "rlogin",
    "ssh",
    "slogin",
    "telnet"
  ],
  "Ansi 15 Color" : {
    "Red Component" : 0.34117648005485535,
    "Color Space" : "sRGB",
    "Blue Component" : 0.47450980544090271,
    "Alpha Component" : 1,
    "Green Component" : 0.32156863808631897
  },
  "Foreground Color" : {
    "Red Component" : 0.34117648005485535,
    "Color Space" : "sRGB",
    "Blue Component" : 0.47450980544090271,
    "Alpha Component" : 1,
    "Green Component" : 0.32156863808631897
  },
  "Bound Hosts" : [

  ],
  "Working Directory" : "\/Users\/harizo",
  "Blinking Cursor" : true,
  "Disable Window Resizing" : true,
  "Sync Title" : false,
  "Prompt Before Closing 2" : false,
  "BM Growl" : true,
  "Command" : "\/usr\/local\/bin\/fish",
  "Description" : "Default",
  "Mouse Reporting" : true,
  "Screen" : -1,
  "Selection Color" : {
    "Red Component" : 0.93333333730697632,
    "Color Space" : "sRGB",
    "Blue Component" : 0.90196079015731812,
    "Alpha Component" : 1,
    "Green Component" : 0.91372549533843994
  },
  "Columns" : 80,
  "Idle Code" : 0,
  "Ansi 13 Color" : {
    "Red Component" : 0.56470590829849243,
    "Color Space" : "sRGB",
    "Blue Component" : 0.66274511814117432,
    "Alpha Component" : 1,
    "Green Component" : 0.47843137383460999
  },
  "Title Components" : 2,
  "Custom Command" : "No",
  "ASCII Anti Aliased" : true,
  "Non Ascii Font" : "MesloLGSNer-Regular 14",
  "Vertical Spacing" : 0.94999999999999996,
  "Use Bold Font" : true,
  "Option Key Sends" : 0,
  "Selected Text Color" : {
    "Red Component" : 0.34117648005485535,
    "Color Space" : "sRGB",
    "Blue Component" : 0.47450980544090271,
    "Alpha Component" : 1,
    "Green Component" : 0.32156863808631897
  },
  "Background Color" : {
    "Red Component" : 0.98039215803146362,
    "Color Space" : "sRGB",
    "Blue Component" : 0.92941176891326904,
    "Alpha Component" : 1,
    "Green Component" : 0.95686274766921997
  },
  "Character Encoding" : 4,
  "Ansi 11 Color" : {
    "Red Component" : 0.91764706373214722,
    "Color Space" : "sRGB",
    "Blue Component" : 0.20392157137393951,
    "Alpha Component" : 1,
    "Green Component" : 0.61568629741668701
  },
  "Non-ASCII Ligatures" : true,
  "Use Italic Font" : true,
  "Unlimited Scrollback" : false,
  "Keyboard Map" : {
    "0xf700-0x260000" : {
      "Action" : 10,
      "Text" : "[1;6A"
    },
    "0x37-0x40000" : {
      "Action" : 11,
      "Text" : "0x1f"
    },
    "0x32-0x40000" : {
      "Action" : 11,
      "Text" : "0x00"
    },
    "0xf709-0x20000" : {
      "Action" : 10,
      "Text" : "[17;2~"
    },
    "0xf70c-0x20000" : {
      "Action" : 10,
      "Text" : "[20;2~"
    },
    "0xf729-0x20000" : {
      "Action" : 10,
      "Text" : "[1;2H"
    },
    "0xf72b-0x40000" : {
      "Action" : 10,
      "Text" : "[1;5F"
    },
    "0xf705-0x20000" : {
      "Action" : 10,
      "Text" : "[1;2Q"
    },
    "0xf703-0x260000" : {
      "Action" : 10,
      "Text" : "[1;6C"
    },
    "0xf700-0x220000" : {
      "Action" : 10,
      "Text" : "[1;2A"
    },
    "0xf701-0x280000" : {
      "Action" : 11,
      "Text" : "0x1b 0x1b 0x5b 0x42"
    },
    "0x38-0x40000" : {
      "Action" : 11,
      "Text" : "0x7f"
    },
    "0x33-0x40000" : {
      "Action" : 11,
      "Text" : "0x1b"
    },
    "0xf703-0x220000" : {
      "Action" : 10,
      "Text" : "[1;2C"
    },
    "0xf701-0x240000" : {
      "Action" : 10,
      "Text" : "[1;5B"
    },
    "0xf70d-0x20000" : {
      "Action" : 10,
      "Text" : "[21;2~"
    },
    "0xf702-0x260000" : {
      "Action" : 10,
      "Text" : "[1;6D"
    },
    "0xf729-0x40000" : {
      "Action" : 10,
      "Text" : "[1;5H"
    },
    "0xf706-0x20000" : {
      "Action" : 10,
      "Text" : "[1;2R"
    },
    "0x34-0x40000" : {
      "Action" : 11,
      "Text" : "0x1c"
    },
    "0xf700-0x280000" : {
      "Action" : 11,
      "Text" : "0x1b 0x1b 0x5b 0x41"
    },
    "0x2d-0x40000" : {
      "Action" : 11,
      "Text" : "0x1f"
    },
    "0xf70e-0x20000" : {
      "Action" : 10,
      "Text" : "[23;2~"
    },
    "0xf702-0x220000" : {
      "Action" : 10,
      "Text" : "[1;2D"
    },
    "0xf703-0x280000" : {
      "Action" : 11,
      "Text" : "0x1b 0x1b 0x5b 0x43"
    },
    "0xf700-0x240000" : {
      "Action" : 10,
      "Text" : "[1;5A"
    },
    "0xf707-0x20000" : {
      "Action" : 10,
      "Text" : "[1;2S"
    },
    "0xf70a-0x20000" : {
      "Action" : 10,
      "Text" : "[18;2~"
    },
    "0x35-0x40000" : {
      "Action" : 11,
      "Text" : "0x1d"
    },
    "0xf70f-0x20000" : {
      "Action" : 10,
      "Text" : "[24;2~"
    },
    "0xf703-0x240000" : {
      "Action" : 10,
      "Text" : "[1;5C"
    },
    "0xf701-0x260000" : {
      "Action" : 10,
      "Text" : "[1;6B"
    },
    "0xf702-0x280000" : {
      "Action" : 11,
      "Text" : "0x1b 0x1b 0x5b 0x44"
    },
    "0xf72b-0x20000" : {
      "Action" : 10,
      "Text" : "[1;2F"
    },
    "0x36-0x40000" : {
      "Action" : 11,
      "Text" : "0x1e"
    },
    "0xf708-0x20000" : {
      "Action" : 10,
      "Text" : "[15;2~"
    },
    "0xf701-0x220000" : {
      "Action" : 10,
      "Text" : "[1;2B"
    },
    "0xf70b-0x20000" : {
      "Action" : 10,
      "Text" : "[19;2~"
    },
    "0xf702-0x240000" : {
      "Action" : 10,
      "Text" : "[1;5D"
    },
    "0xf704-0x20000" : {
      "Action" : 10,
      "Text" : "[1;2P"
    }
  },
  "Window Type" : 0,
  "Background Image Location" : "",
  "Blur" : false,
  "Badge Color" : {
    "Red Component" : 0.84313726425170898,
    "Color Space" : "sRGB",